kind,host,url,slug,last_fetched,quality_status,flags,pinned,bookmark_id
upstream-not-html,api.raindrop.io,"https://api.raindrop.io/v2/raindrop/1234924091/file?type=application/pdf",,,,"",false,1234924091
upstream-not-html,cursor.com,"https://cursor.com/resources/Composer2.pdf",,,,"",false,1658594664
upstream-not-html,intuitionlabs.ai,"https://intuitionlabs.ai/pdfs/google-tpus-explained-architecture-performance-for-gemini-3.pdf",,,,"",false,1532415126
upstream-not-html,itunes.apple.com,"https://itunes.apple.com/cn/app/id741292507?l=en&mt=8",,,,"",false,1297440104
upstream-not-html,openreview.net,"https://openreview.net/pdf?id=sIOgOQttFQ",,,,"",false,1390509496
upstream-not-html,pdf.dfcfw.com,"https://pdf.dfcfw.com/pdf/H3_AP202503221646031786_1.pdf?1742825646000.pdf",,,,"",false,1665460133
upstream-not-html,www.ttbz.org.cn,"https://www.ttbz.org.cn/upload/file/20250826/6389180901046967143146591.pdf",,,,"",false,1542123289
host-lan-only,10.0.106.155,"http://10.0.106.155:30200/dcp/train/overview",,,,"",false,1094601430
host-lan-only,10.0.206.164,"http://10.0.206.164:30975/aidf/home",,,,"",false,1094601428
host-lan-only,10.0.62.21,"http://10.0.62.21:58990",,,,"",false,1094601422
host-lan-only,8.138.221.103,"https://8.138.221.103/",,,,"",false,1480423763
host-lan-only,8.163.30.186,"https://8.163.30.186/",,,,"",false,1470472983
host-malformed,share.google,"https://share.google?link=https://linux.do/t/topic/537374&utm_campaign=share-sdl-iga-3pshare-sdl-iga-3p&utm_source=igadl,igatpdl,sh/x/gs/m2/5",,,,"",false,1151969603
not-yet-fetched,01.me,"https://01.me/2025/07/constrained_sampling_vibe_coding/",,,,"",false,1304693498
not-yet-fetched,01.me,"https://01.me/2025/08/attention-based-hallucination-detection/",,,,"",false,1304707337
not-yet-fetched,1cb887bb.pinit.eth.limo,"https://1cb887bb.pinit.eth.limo/",,,,"",false,1488183111
not-yet-fetched,21st.dev,"https://21st.dev/community/components",,,,"",false,1529337167
not-yet-fetched,ai.joshuasun.asia,"https://ai.joshuasun.asia/dashboard",,,,"",false,1560499347
not-yet-fetched,ai.meta.com,"https://ai.meta.com/blog/spdl-faster-ai-model-training-with-thread-based-data-loading-reality-labs/",,,,"",false,1553091854
not-yet-fetched,aihot.today,"https://aihot.today/",,,,"",false,1113862967
not-yet-fetched,api.shubiaobiao.com,"https://api.shubiaobiao.com/login",,,,"",false,1144076462
not-yet-fetched,apxml.com,"https://apxml.com/zh/tools/vram-calculator",,,,"",false,1267307228
not-yet-fetched,arxiv.org,"https://arxiv.org/abs/2508.09834",,,,"",false,1301768787
not-yet-fetched,arxiv.org,"https://arxiv.org/abs/2509.25149",,,,"",false,1576293835
not-yet-fetched,arxiv.org,"https://arxiv.org/pdf/2402.13499",,,,"",false,1543664936
not-yet-fetched,arxiv.org,"https://arxiv.org/pdf/2406.06858",,,,"",false,1380409598
not-yet-fetched,arxiv.org,"https://arxiv.org/pdf/2407.20143",,,,"",false,1094601427
not-yet-fetched,arxiv.org,"https://arxiv.org/pdf/2503.01840",,,,"",false,1380406957
not-yet-fetched,arxiv.org,"https://arxiv.org/pdf/2504.14960",,,,"",false,1412033322
not-yet-fetched,arxiv.org,"https://arxiv.org/pdf/2506.05508",,,,"",false,1380410666
not-yet-fetched,astra-sim.github.io,"https://astra-sim.github.io/",,,,"",false,1528232807
not-yet-fetched,blog.briankitano.com,"https://blog.briankitano.com/llama-from-scratch",,,,"",false,1094601526
not-yet-fetched,blog.cloudflare.com,"https://blog.cloudflare.com/workers-ai-large-models/",,,,"",false,1655821034
not-yet-fetched,blog.cnbang.net,"https://blog.cnbang.net/tech/3823/",,,,"",false,1328501266
not-yet-fetched,blog.csdn.net,"https://blog.csdn.net/love_maomao/article/details/20536389",,,,"",false,1094601529
not-yet-fetched,blog.csdn.net,"https://blog.csdn.net/v_JULY_v/article/details/136143475",,,,"",false,1329057370
not-yet-fetched,blog.google,"https://blog.google/innovation-and-ai/infrastructure-and-cloud/google-cloud/ironwood-tpu-age-of-inference/",,,,"",false,1538783033
not-yet-fetched,blog.google,"https://blog.google/innovation-and-ai/products/introducing-pathways-next-generation-ai-architecture/",,,,"",false,1538929347
not-yet-fetched,blogs.novita.ai,"https://blogs.novita.ai/",,,,"",false,1590394758
not-yet-fetched,bulimov.me,"https://bulimov.me/post/2025/05/11/powerlevel10k-to-starship/",,,,"",false,1590328133
not-yet-fetched,calculator.inference.ai,"https://calculator.inference.ai/",,,,"",false,1267307385
not-yet-fetched,chipsandcheese.com,"https://chipsandcheese.com/p/chinas-newish-sw26010-pro-supercomputer-at-sc23",,,,"",false,1215952404
not-yet-fetched,citationstyler.com,"https://citationstyler.com/en/knowledge/ai-plugins-for-zotero/",,,,"",false,1129470387
not-yet-fetched,d0a901er7io.feishu.cn,"https://d0a901er7io.feishu.cn/wiki/RMTLwJwfgic9orkzXX5cg00GnKc?fromScene=spaceOverview",,,,"",false,1219840850
not-yet-fetched,deepmind.google,"https://deepmind.google/blog/genie-3-a-new-frontier-for-world-models/",,,,"",false,1585602307
not-yet-fetched,deepwiki.com,"https://deepwiki.com/",,,,"",false,1138263965
not-yet-fetched,deepwiki.com,"https://deepwiki.com/aliyun/SimAI/1-simai-overview",,,,"",false,1217136927
not-yet-fetched,dev.to,"https://dev.to/emile1636/rdp-error-code-0x207-on-mac-for-ubuntu-24-d6d",,,,"",false,1094601462
not-yet-fetched,developer.nvidia.com,"https://developer.nvidia.com/blog/nvidia-cuda-13-1-powers-next-gen-gpu-programming-with-nvidia-cuda-tile-and-performance-gains/",,,,"",false,1530845521
not-yet-fetched,developer.nvidia.com,"https://developer.nvidia.com/cuda/gpus",,,,"",false,1543738392
not-yet-fetched,docker.aityp.com,"https://docker.aityp.com/",,,,"",false,1303574190
not-yet-fetched,docs.cloud.google.com,"https://docs.cloud.google.com/ai-hypercomputer/docs/images#tpu-images",,,,"",false,1547396504
not-yet-fetched,docs.nvidia.com,"https://docs.nvidia.com/nsight-systems/InstallationGuide/index.html",,,,"",false,1303493457
not-yet-fetched,docs.nvidia.com,"https://docs.nvidia.com/nsight-systems/UserGuide/index.html#exporting-and-querying-data",,,,"",false,1302471760
not-yet-fetched,docs.python.org,"https://docs.python.org/3/py-modindex.html#cap-i",,,,"",false,1094601531
not-yet-fetched,docs.qq.com,"https://docs.qq.com/doc/DT1NWQmtwbmZ1WUhN",,,,"",false,1128948575
not-yet-fetched,docs.scipy.org,"https://docs.scipy.org/doc/numpy/reference",,,,"",false,1094601532
not-yet-fetched,docs.unsloth.ai,"https://docs.unsloth.ai/basics/tutorials-how-to-fine-tune-and-run-llms",,,,"",false,1235391465
not-yet-fetched,docs.z.ai,"https://docs.z.ai/release-notes/new-released#models",,,,"",false,1655281010
not-yet-fetched,economictimes.indiatimes.com,"https://economictimes.indiatimes.com/tech/artificial-intelligence/how-deals-with-openai-have-led-to-share-surges-for-its-partners/articleshow/124572759.cms?from=mdr",,,,"",false,1543480873
not-yet-fetched,epoch.ai,"https://epoch.ai/data/data-centers",,,,"",false,1556794832
not-yet-fetched,epoch.ai,"https://epoch.ai/data/machine-learning-hardware#explore-the-data",,,,"",false,1556798431
not-yet-fetched,for.shuo.bar,"https://for.shuo.bar/console/topup",,,,"",false,1295306662
not-yet-fetched,get.activated.win,"https://get.activated.win",,,,"",false,1270349288
not-yet-fetched,ghy.byd.com,"https://ghy.byd.com/platform/apps",,,,"",false,1094601424
not-yet-fetched,gist.github.com,"https://gist.github.com/alirezarezvani/a0f6e0a984d4a4adc4842bbe124c5935",,,,"",false,1431553387
not-yet-fetched,github.com,"https://github.com/Abdenasser/neohtop",,,,"",false,1378494242
not-yet-fetched,github.com,"https://github.com/ForceInjection/AI-fundermentals/blob/main/inference-solution/DeepSeek-V3-MoE-vLLM-H20-Deployment.md",,,,"",false,1306402441
not-yet-fetched,github.com,"https://github.com/GeeeekExplorer/nano-vllm",,,,"",false,1487923799
not-yet-fetched,github.com,"https://github.com/HarborYuan/mmcv_16/commit/ad1a72fe0cbeead2716706ff618dfa0269d2cf4c",,,,"",false,1291817183
not-yet-fetched,github.com,"https://github.com/KCORES/kcores-llm-arena/tree/main/benchmark-ball-bouncing-inside-spinning-heptagon",,,,"",false,1239169849
not-yet-fetched,github.com,"https://github.com/LOWERTOP/Shadowrocket-First",,,,"",false,1444219572
not-yet-fetched,github.com,"https://github.com/MoonshotAI/K2-Vendor-Verifier",,,,"",false,1385737915
not-yet-fetched,github.com,"https://github.com/NVIDIA/DCGM/issues/64",,,,"",false,1300032270
not-yet-fetched,github.com,"https://github.com/NVIDIA/TensorRT-LLM/blob/main/docs/source/blogs/tech_blog/blog9_Deploying_GPT_OSS_on_TRTLLM.md",,,,"",false,1310402040
not-yet-fetched,github.com,"https://github.com/NVIDIA/TransformerEngine/issues/2565",,,,"",false,1563540739
not-yet-fetched,github.com,"https://github.com/NVlabs/GaussianSTORM/blob/main/data/dataset_scene_list/waymo_val_list.txt",,,,"",false,1340214654
not-yet-fetched,github.com,"https://github.com/anthropics/claude-code/issues/4002#issuecomment-3276557870",,,,"",false,1453909043
not-yet-fetched,github.com,"https://github.com/anthropics/claude-code/issues/4049",,,,"",false,1413159741
not-yet-fetched,github.com,"https://github.com/atopx/linux-wps",,,,"",false,1107465298
not-yet-fetched,github.com,"https://github.com/chen08209/FlClash/compare/main...dongfengweixiao:FlClash:update_flutter_js",,,,"",false,1562650894
not-yet-fetched,github.com,"https://github.com/cooderl/wewe-rss",,,,"",false,1132355476
not-yet-fetched,github.com,"https://github.com/deepseek-ai/FlashMLA/blob/main/docs/20250422-new-kernel-deep-dive.md",,,,"",false,1565395896
not-yet-fetched,github.com,"https://github.com/deepseek-ai/profile-data",,,,"",false,1669896888
not-yet-fetched,github.com,"https://github.com/di-sukharev/opencommit",,,,"",false,1149438638
not-yet-fetched,github.com,"https://github.com/google-deepmind/deepmind-research",,,,"",false,1137049617
not-yet-fetched,github.com,"https://github.com/hesreallyhim/awesome-claude-code",,,,"",false,1265159027
not-yet-fetched,github.com,"https://github.com/jesseduffield/lazydocker",,,,"",false,1107614030
not-yet-fetched,github.com,"https://github.com/karpathy/nn-zero-to-hero",,,,"",false,1265158611
not-yet-fetched,github.com,"https://github.com/mit-han-lab/bevfusion/issues/228",,,,"",false,1291817305
not-yet-fetched,github.com,"https://github.com/musistudio/claude-code-router",,,,"",false,1213456502
not-yet-fetched,github.com,"https://github.com/musistudio/claude-code-router/issues/852#issuecomment-3384525030",,,,"",false,1413008025
not-yet-fetched,github.com,"https://github.com/openclaw/openclaw/issues/11131",,,,"",false,1599774117
not-yet-fetched,github.com,"https://github.com/openclaw/openclaw/issues/6959",,,,"",false,1599774416
not-yet-fetched,github.com,"https://github.com/openclaw/openclaw/issues/7827",,,,"",false,1647054854
not-yet-fetched,github.com,"https://github.com/openclaw/openclaw/pull/11553/changes#diff-587ccdf171eabb7063b4e1567978a6e2866599d3f235995154200d0e800ab894R124",,,,"",false,1599893145
not-yet-fetched,github.com,"https://github.com/ox01024/cmirror",,,,"",false,1488182233
not-yet-fetched,github.com,"https://github.com/rasbt/LLMs-from-scratch",,,,"",false,1222670441
not-yet-fetched,github.com,"https://github.com/sgl-project/sglang/blob/main/.claude/skills/add-jit-kernel/SKILL.md",,,,"",false,1645853010
not-yet-fetched,github.com,"https://github.com/sgl-project/sglang/issues/8965",,,,"",false,1436512713
not-yet-fetched,github.com,"https://github.com/tak-bro/aicommit2/tree/main",,,,"",false,1149534204
not-yet-fetched,github.com,"https://github.com/vllm-project/vLLM-in-PyTorch-Conference-2025",,,,"",false,1488293910
not-yet-fetched,github.com,"https://github.com/vllm-project/vllm/pull/26811",,,,"",false,1441201304
not-yet-fetched,github.com,"https://github.com/vllm-project/vllm/pull/6496",,,,"",false,1118557126
not-yet-fetched,github.com,"https://github.com/wavetermdev/waveterm",,,,"",false,1264250176
not-yet-fetched,github.com,"https://github.com/wshobson/agents?tab=readme-ov-file#quick-start",,,,"",false,1414519472
not-yet-fetched,github.com,"https://github.com/zhaochenyang20/Awesome-ML-SYS-Tutorial",,,,"",false,1213456253
not-yet-fetched,h5.lingowhale.com,"https://h5.lingowhale.com/s/3emEGpj",,,,"",false,1116779170
not-yet-fetched,hdhive.com,"https://hdhive.com/search",,,,"",false,1364962745
not-yet-fetched,hjfy.top,"https://hjfy.top/",,,,"",false,1179838240
not-yet-fetched,home.greasyfork.org.cn,"https://home.greasyfork.org.cn/zh-hans",,,,"",false,1298945313
not-yet-fetched,huggingface.co,"https://huggingface.co/blog/train_memory",,,,"",false,1353155927
not-yet-fetched,huggingface.co,"https://huggingface.co/spaces/mteb/leaderboard",,,,"",false,1100818359
not-yet-fetched,intuitionlabs.ai,"https://intuitionlabs.ai/articles/openai-stargate-datacenter-details",,,,"",false,1555925844
not-yet-fetched,intuitionlabs.ai,"https://intuitionlabs.ai/articles/oracle-openai-300b-deal-analysis",,,,"",false,1555950127
not-yet-fetched,jalammar.github.io,"https://jalammar.github.io/illustrated-stable-diffusion/",,,,"",false,1328506806
not-yet-fetched,jax-ml.github.io,"https://jax-ml.github.io/scaling-book/gpus/",,,,"",false,1484710097
not-yet-fetched,jia.je,"https://jia.je/kb/software/coding_plan.html",,,,"",false,1650879525
not-yet-fetched,karpathy.bearblog.dev,"https://karpathy.bearblog.dev/year-in-review-2025/",,,,"",false,1497127888
not-yet-fetched,leetgpu.com,"https://leetgpu.com",,,,"",false,1129551072
not-yet-fetched,lfditichptiv.us-east-1.clawcloudrun.com,"https://lfditichptiv.us-east-1.clawcloudrun.com/keys",,,,"",false,1272250320
not-yet-fetched,linux.do,"https://linux.do/t/topic/1279145/13",,,,"",false,1476316874
not-yet-fetched,linux.do,"https://linux.do/t/topic/1305514",,,,"",false,1488183689
not-yet-fetched,linux.do,"https://linux.do/t/topic/155075",,,,"",false,1153437295
not-yet-fetched,linux.do,"https://linux.do/t/topic/560178",,,,"",false,1141154242
not-yet-fetched,linux.do,"https://linux.do/t/topic/685482",,,,"",false,1113535925
not-yet-fetched,linux.do,"https://linux.do/t/topic/698408",,,,"",false,1136777703
not-yet-fetched,linux.do,"https://linux.do/t/topic/699224/9",,,,"",false,1141156964
not-yet-fetched,linux.do,"https://linux.do/t/topic/707346",,,,"",false,1145750394
not-yet-fetched,linux.do,"https://linux.do/t/topic/710276",,,,"",false,1148852872
not-yet-fetched,linux.do,"https://linux.do/t/topic/715282",,,,"",false,1155118994
not-yet-fetched,linux.do,"https://linux.do/t/topic/760680/4",,,,"",false,1210377039
not-yet-fetched,linux.do,"https://linux.do/t/topic/761806",,,,"",false,1213998600
not-yet-fetched,linux.do,"https://linux.do/t/topic/762693",,,,"",false,1214002008
not-yet-fetched,linux.do,"https://linux.do/t/topic/824930",,,,"",false,1272761385
not-yet-fetched,linuxmirrors.cn,"https://linuxmirrors.cn/",,,,"",false,1488181306
not-yet-fetched,lmsys.org,"https://lmsys.org/blog/2025-05-05-large-scale-ep/",,,,"",false,1325052174
not-yet-fetched,lmsys.org,"https://lmsys.org/blog/2026-01-21-novita-glm4/",,,,"",false,1563383719
not-yet-fetched,magazine.sebastianraschka.com,"https://magazine.sebastianraschka.com/p/technical-deepseek",,,,"",false,1473202479
not-yet-fetched,magazine.sebastianraschka.com,"https://magazine.sebastianraschka.com/p/the-big-llm-architecture-comparison",,,,"",false,1565003728
not-yet-fetched,mapp.api.weibo.cn,"https://mapp.api.weibo.cn/fx/b75d28719f602f64aac7d7a818a3e7dc.html",,,,"",false,1279827544
not-yet-fetched,modelscope.csdn.net,"https://modelscope.csdn.net/68db92d1a6dc56200e8b6a79.html",,,,"",false,1467103589
not-yet-fetched,mp.weixin.qq.com,"https://mp.weixin.qq.com/s/-564nXa8-CkKKwGmqZ7uKw",,,,"",false,1303458894
not-yet-fetched,mp.weixin.qq.com,"https://mp.weixin.qq.com/s/-K4QkPXY1DKPd6bq5rdrKA",,,,"",false,1148882051
not-yet-fetched,mp.weixin.qq.com,"https://mp.weixin.qq.com/s/-dB3RCyq-PFQHuZwN7AK0w",,,,"",false,1097038396
not-yet-fetched,mp.weixin.qq.com,"https://mp.weixin.qq.com/s/0067Xbkn4wWUeqexkblljg",,,,"",false,1118638355
not-yet-fetched,mp.weixin.qq.com,"https://mp.weixin.qq.com/s/0FQy02cR9dqlv7av-5PZGA",,,,"",false,1268310414
not-yet-fetched,mp.weixin.qq.com,"https://mp.weixin.qq.com/s/0TIdgLDtKoCxL7d8tQbG5A",,,,"",false,1585357174
not-yet-fetched,mp.weixin.qq.com,"https://mp.weixin.qq.com/s/0jB157hXY2AwIcji0jywBQ",,,,"",false,1107405964
not-yet-fetched,mp.weixin.qq.com,"https://mp.weixin.qq.com/s/1cZtyTDr97qLZ40VfOQ5xw",,,,"",false,1453825414
not-yet-fetched,mp.weixin.qq.com,"https://mp.weixin.qq.com/s/1yGZR_xHUmEMr5mZipbfSw?from=groupmessage&isappinstalled=0&scene=1&clicktime=1774931757&enterid=1774931757",,,,"",false,1666877611
not-yet-fetched,mp.weixin.qq.com,"https://mp.weixin.qq.com/s/2BbfcnxgR4aPN7_LKRYlNQ",,,,"",false,1487934934
not-yet-fetched,mp.weixin.qq.com,"https://mp.weixin.qq.com/s/2dFls_2nDZB49rLKapf3OQ",,,,"",false,1346845327
not-yet-fetched,mp.weixin.qq.com,"https://mp.weixin.qq.com/s/2lOKeJHkQj-VGW1LK021EA",,,,"",false,1648777938
not-yet-fetched,mp.weixin.qq.com,"https://mp.weixin.qq.com/s/2vzh-6pfqOI7mg7yqqCqmA",,,,"",false,1349401856
not-yet-fetched,mp.weixin.qq.com,"https://mp.weixin.qq.com/s/44_UrbaQu2U1EAB9OrGNxQ",,,,"",false,1684488045
not-yet-fetched,mp.weixin.qq.com,"https://mp.weixin.qq.com/s/48p158tLBR4QMQPm4HhGeg",,,,"",false,1426797978
not-yet-fetched,mp.weixin.qq.com,"https://mp.weixin.qq.com/s/4Mo30tefNIEF6GMoC6BjNQ",,,,"",false,1509917573
not-yet-fetched,mp.weixin.qq.com,"https://mp.weixin.qq.com/s/5I9pcORVvgh8yC3F5lqDcA",,,,"",false,1542779267
not-yet-fetched,mp.weixin.qq.com,"https://mp.weixin.qq.com/s/5ID-YEEH79cbzEe8aqbnSw",,,,"",false,1324616389
not-yet-fetched,mp.weixin.qq.com,"https://mp.weixin.qq.com/s/5NcaNxmAvW-4EW34nCk9GA",,,,"",false,1306401947
not-yet-fetched,mp.weixin.qq.com,"https://mp.weixin.qq.com/s/65OHqGdvVrML-a0KJPextw",,,,"",false,1506398606
not-yet-fetched,mp.weixin.qq.com,"https://mp.weixin.qq.com/s/6j-MqSrJz5YlKAe2LZW6pg",,,,"",false,1274567563
not-yet-fetched,mp.weixin.qq.com,"https://mp.weixin.qq.com/s/7pWBKwsnXLIuv4_Qyg31fw",,,,"",false,1535526029
not-yet-fetched,mp.weixin.qq.com,"https://mp.weixin.qq.com/s/99MVaBN9M80LoRtGdHWBwg",,,,"",false,1544700741
not-yet-fetched,mp.weixin.qq.com,"https://mp.weixin.qq.com/s/9EML-Z-Z_yzBlHKJDo2gsA",,,,"",false,1544838025
not-yet-fetched,mp.weixin.qq.com,"https://mp.weixin.qq.com/s/9sDJlHQRzSiuTc_EmwjxzA",,,,"",false,1097049758
not-yet-fetched,mp.weixin.qq.com,"https://mp.weixin.qq.com/s/AeGy0xq-Da1sYTpY3ssMaQ",,,,"",false,1537372811
not-yet-fetched,mp.weixin.qq.com,"https://mp.weixin.qq.com/s/AvMUxqQ4XCX2jXKDniuniw",,,,"",false,1283110800
not-yet-fetched,mp.weixin.qq.com,"https://mp.weixin.qq.com/s/BalV_qPfwiIwDMEnNI_O3Q",,,,"",false,1429499321
not-yet-fetched,mp.weixin.qq.com,"https://mp.weixin.qq.com/s/CkJlsZXU3EFcliWLoD-3gw",,,,"",false,1418909471
not-yet-fetched,mp.weixin.qq.com,"https://mp.weixin.qq.com/s/CtoxhE9rSPyqGyVGTuSIQA",,,,"",false,1624578957
not-yet-fetched,mp.weixin.qq.com,"https://mp.weixin.qq.com/s/DGv2tZQpi2oi_4WL-Pk7IQ",,,,"",false,1156434708
not-yet-fetched,mp.weixin.qq.com,"https://mp.weixin.qq.com/s/DPuKGb0DsJYids-dUVOl_Q",,,,"",false,1400613561
not-yet-fetched,mp.weixin.qq.com,"https://mp.weixin.qq.com/s/Ds_U6ia8KgVF3MFinnFwLw",,,,"",false,1370707386
not-yet-fetched,mp.weixin.qq.com,"https://mp.weixin.qq.com/s/E1v2UpKjEYEEwZPr0A6bEg",,,,"",false,1542123703
not-yet-fetched,mp.weixin.qq.com,"https://mp.weixin.qq.com/s/El5oAKzjiOGRVqCqwipVLg",,,,"",false,1542126431
not-yet-fetched,mp.weixin.qq.com,"https://mp.weixin.qq.com/s/F0goD1U6DZ7SQw2ElPTp5A",,,,"",false,1170910243
not-yet-fetched,mp.weixin.qq.com,"https://mp.weixin.qq.com/s/FWeqR5ADU7RU7ZASkmtnTw",,,,"",false,1333808172
not-yet-fetched,mp.weixin.qq.com,"https://mp.weixin.qq.com/s/FcK3QmzudPZzqsz85odFlQ",,,,"",false,1553102039
not-yet-fetched,mp.weixin.qq.com,"https://mp.weixin.qq.com/s/G0bA0BeeuXIApJjj5MzBDA",,,,"",false,1380092297
not-yet-fetched,mp.weixin.qq.com,"https://mp.weixin.qq.com/s/H65eoS-GAgJzpzV_p3SsGw",,,,"",false,1148873033
not-yet-fetched,mp.weixin.qq.com,"https://mp.weixin.qq.com/s/HL9YuabPLSPj4vPTmRBVfw",,,,"",false,1578666766
not-yet-fetched,mp.weixin.qq.com,"https://mp.weixin.qq.com/s/Htms0tdyka0-1tTn4kLGCw",,,,"",false,1346909378
not-yet-fetched,mp.weixin.qq.com,"https://mp.weixin.qq.com/s/I56tirCF_IZCSddIvNT5HQ",,,,"",false,1542124577
not-yet-fetched,mp.weixin.qq.com,"https://mp.weixin.qq.com/s/J70fP6fFccq2D7TC0hLAiw",,,,"",false,1495662771
not-yet-fetched,mp.weixin.qq.com,"https://mp.weixin.qq.com/s/KWqGXk5vr6z0ZkuVt9LuMg",,,,"",false,1095183201
not-yet-fetched,mp.weixin.qq.com,"https://mp.weixin.qq.com/s/MwoCtKVTC93eU42yR6NdrQ",,,,"",false,1310806937
not-yet-fetched,mp.weixin.qq.com,"https://mp.weixin.qq.com/s/NF0vhAkYXhz5uiGcPL5QSw",,,,"",false,1148874057
not-yet-fetched,mp.weixin.qq.com,"https://mp.weixin.qq.com/s/NYzWq4ZOmT0n5mamwmNpPg",,,,"",false,1471725118
not-yet-fetched,mp.weixin.qq.com,"https://mp.weixin.qq.com/s/NjDjQDy9t7EP0rH53GnRAA",,,,"",false,1576643171
not-yet-fetched,mp.weixin.qq.com,"https://mp.weixin.qq.com/s/O2JxZzmzc0ZJlLn8EFYrZQ",,,,"",false,1301675680
not-yet-fetched,mp.weixin.qq.com,"https://mp.weixin.qq.com/s/PFPgY7sa2bPcQow6fWQpFw",,,,"",false,1668739803
not-yet-fetched,mp.weixin.qq.com,"https://mp.weixin.qq.com/s/PHVEA9NYDSg-DlPIhI3eng",,,,"",false,1324628161
not-yet-fetched,mp.weixin.qq.com,"https://mp.weixin.qq.com/s/PcyKi5q8zT-tJ_9rzgKSqg",,,,"",false,1608459698
not-yet-fetched,mp.weixin.qq.com,"https://mp.weixin.qq.com/s/QFEel2KTn2XMdn6TD-0XKA",,,,"",false,1495618125
not-yet-fetched,mp.weixin.qq.com,"https://mp.weixin.qq.com/s/QRY5HBtZwrCZ95WHubTwsg",,,,"",false,1346963548
not-yet-fetched,mp.weixin.qq.com,"https://mp.weixin.qq.com/s/Qv15u-dw3jWz3IFCaBnS9A",,,,"",false,1332688514
not-yet-fetched,mp.weixin.qq.com,"https://mp.weixin.qq.com/s/QwfzzGtDU7_B_mopjndMaw",,,,"",false,1654300960
not-yet-fetched,mp.weixin.qq.com,"https://mp.weixin.qq.com/s/R1WRqtLEBHg43aG9tYPGLQ",,,,"",false,1542257124
not-yet-fetched,mp.weixin.qq.com,"https://mp.weixin.qq.com/s/R5LZPhpq2VwBAXADkSdq3A",,,,"",false,1505607520
not-yet-fetched,mp.weixin.qq.com,"https://mp.weixin.qq.com/s/RRwgOfazfqajNHDcnGO5xg",,,,"",false,1287658198
not-yet-fetched,mp.weixin.qq.com,"https://mp.weixin.qq.com/s/RaizMsxbLY0xyBm1lYkUKA",,,,"",false,1535305961
not-yet-fetched,mp.weixin.qq.com,"https://mp.weixin.qq.com/s/RewNlyOw0eYKhAcz__GlKg",,,,"",false,1280273769
not-yet-fetched,mp.weixin.qq.com,"https://mp.weixin.qq.com/s/SiNS4Fl-S-MyEOnQFqD1og",,,,"",false,1668070425
not-yet-fetched,mp.weixin.qq.com,"https://mp.weixin.qq.com/s/U9ZDBaKCcQ8dj1tD4_eWnQ",,,,"",false,1095196813
not-yet-fetched,mp.weixin.qq.com,"https://mp.weixin.qq.com/s/VHFnA9nkasOJ-svIFp7IXQ",,,,"",false,1472354849
not-yet-fetched,mp.weixin.qq.com,"https://mp.weixin.qq.com/s/WENW-CeMmBTlgyTBDLX-1w",,,,"",false,1101306938
not-yet-fetched,mp.weixin.qq.com,"https://mp.weixin.qq.com/s/Y0WaCU8DNFvulk3rwo5Ycg",,,,"",false,1380608465
not-yet-fetched,mp.weixin.qq.com,"https://mp.weixin.qq.com/s/YTKKW8HL-fu2pYOmffbI-g",,,,"",false,1430551586
not-yet-fetched,mp.weixin.qq.com,"https://mp.weixin.qq.com/s/YUqIyq_o5iVMBChOa3s_1w",,,,"",false,1655835484
not-yet-fetched,mp.weixin.qq.com,"https://mp.weixin.qq.com/s/YZcYmxS1HQ1qAXT51bpzxg",,,,"",false,1344649466
not-yet-fetched,mp.weixin.qq.com,"https://mp.weixin.qq.com/s/YtE1HvRpf-PbyDWoThOgXA",,,,"",false,1506686302
not-yet-fetched,mp.weixin.qq.com,"https://mp.weixin.qq.com/s/ZUJbN_7PJBGfWc2_RRtG2Q",,,,"",false,1107405207
not-yet-fetched,mp.weixin.qq.com,"https://mp.weixin.qq.com/s/_tlHqVmHjul8XvUvd0OQOg",,,,"",false,1561868944
not-yet-fetched,mp.weixin.qq.com,"https://mp.weixin.qq.com/s/_u2lptBvlbr7yKXTXnu7Hg",,,,"",false,1509031472
not-yet-fetched,mp.weixin.qq.com,"https://mp.weixin.qq.com/s/_vjOjFbtg0xMVgbWDNKv9g",,,,"",false,1540729330
not-yet-fetched,mp.weixin.qq.com,"https://mp.weixin.qq.com/s/aA72wF8LJrnXrW6uCLHikA",,,,"",false,1652805324
not-yet-fetched,mp.weixin.qq.com,"https://mp.weixin.qq.com/s/b6BYy5IU6xsRHApTuiqKyQ",,,,"",false,1668310733
not-yet-fetched,mp.weixin.qq.com,"https://mp.weixin.qq.com/s/b9OmFbMopQ5TocNHgv1Xaw",,,,"",false,1148874895
not-yet-fetched,mp.weixin.qq.com,"https://mp.weixin.qq.com/s/bLY4yPpyZRxz6ANzfWFG3Q",,,,"",false,1380632928
not-yet-fetched,mp.weixin.qq.com,"https://mp.weixin.qq.com/s/blvPFSLhp0wIPfi8tiRJgQ",,,,"",false,1321796489
not-yet-fetched,mp.weixin.qq.com,"https://mp.weixin.qq.com/s/btT4bK6U6SJPqtZEOjjwqw",,,,"",false,1524151852
not-yet-fetched,mp.weixin.qq.com,"https://mp.weixin.qq.com/s/btkYRrYi0r9HwVE4eDd3xA",,,,"",false,1587797126
not-yet-fetched,mp.weixin.qq.com,"https://mp.weixin.qq.com/s/c5wNuGzB3keNMCv-407DRQ",,,,"",false,1510479765
not-yet-fetched,mp.weixin.qq.com,"https://mp.weixin.qq.com/s/cNTkNZyyETQrHDDYdSSyvw",,,,"",false,1324602326
not-yet-fetched,mp.weixin.qq.com,"https://mp.weixin.qq.com/s/cclvT7PxQzdkm9nYfWbhmQ",,,,"",false,1097049725
not-yet-fetched,mp.weixin.qq.com,"https://mp.weixin.qq.com/s/czc2vbj2VI43Chh0YxZoxA",,,,"",false,1428271285
not-yet-fetched,mp.weixin.qq.com,"https://mp.weixin.qq.com/s/emKvuW8RyIBM8otkypCLRw",,,,"",false,1598057877
not-yet-fetched,mp.weixin.qq.com,"https://mp.weixin.qq.com/s/f5zPTe_G2QvGub1ZVTv3DA",,,,"",false,1540354021
not-yet-fetched,mp.weixin.qq.com,"https://mp.weixin.qq.com/s/f7J6_tOtJFup1A1wlZhrPA",,,,"",false,1101280406
not-yet-fetched,mp.weixin.qq.com,"https://mp.weixin.qq.com/s/fsWGCkSFKHNKCDdjM69Ntw",,,,"",false,1299707602
not-yet-fetched,mp.weixin.qq.com,"https://mp.weixin.qq.com/s/g2xFPa6ZUzfD2yWyDYMFwg",,,,"",false,1641467619
not-yet-fetched,mp.weixin.qq.com,"https://mp.weixin.qq.com/s/gNe6ik4eA5Yecsv43zTbyg",,,,"",false,1385741717
not-yet-fetched,mp.weixin.qq.com,"https://mp.weixin.qq.com/s/gVW2weKypPgMtxdpex_q1w",,,,"",false,1598787844
not-yet-fetched,mp.weixin.qq.com,"https://mp.weixin.qq.com/s/geSijcXTAA8zoEM60F968w",,,,"",false,1301188058
not-yet-fetched,mp.weixin.qq.com,"https://mp.weixin.qq.com/s/gp6v6PuKLpMeJlBa_MEz_Q",,,,"",false,1529327418
not-yet-fetched,mp.weixin.qq.com,"https://mp.weixin.qq.com/s/gvJ8i9KaPHG2vD3CFpSBrA",,,,"",false,1350590453
not-yet-fetched,mp.weixin.qq.com,"https://mp.weixin.qq.com/s/i0eA1Jom48Nk5JtdEH79Hw",,,,"",false,1592482425
not-yet-fetched,mp.weixin.qq.com,"https://mp.weixin.qq.com/s/k2mJxZmrw130kaMLig-hgg",,,,"",false,1148874173
not-yet-fetched,mp.weixin.qq.com,"https://mp.weixin.qq.com/s/kXJSc9X7eHX8XJM18GUtdg",,,,"",false,1483338176
not-yet-fetched,mp.weixin.qq.com,"https://mp.weixin.qq.com/s/ktG7e9PgHhzwIDmaG7XvpQ",,,,"",false,1380633728
not-yet-fetched,mp.weixin.qq.com,"https://mp.weixin.qq.com/s/lE5TX3V7qdvYJIECrdsxAw",,,,"",false,1483333488
not-yet-fetched,mp.weixin.qq.com,"https://mp.weixin.qq.com/s/lJGkJ5fB62oKQdU8yhjAlA",,,,"",false,1352993330
not-yet-fetched,mp.weixin.qq.com,"https://mp.weixin.qq.com/s/lPTJQZFzu-mA_cwJt-f8qw",,,,"",false,1540716893
not-yet-fetched,mp.weixin.qq.com,"https://mp.weixin.qq.com/s/llFuPxHPqfuzZdrt2h6V1Q",,,,"",false,1103343953
not-yet-fetched,mp.weixin.qq.com,"https://mp.weixin.qq.com/s/m3RwOuJ0oU7sW37BUVjJwg",,,,"",false,1429699428
not-yet-fetched,mp.weixin.qq.com,"https://mp.weixin.qq.com/s/nL0vThRmdo6kKE-ynJp_SA",,,,"",false,1509930265
not-yet-fetched,mp.weixin.qq.com,"https://mp.weixin.qq.com/s/ocy5vyXHgO0vDhmlnrx3Sg",,,,"",false,1584208758
not-yet-fetched,mp.weixin.qq.com,"https://mp.weixin.qq.com/s/oiWi5w20RDT2SafYMcy-EA",,,,"",false,1530660930
not-yet-fetched,mp.weixin.qq.com,"https://mp.weixin.qq.com/s/peA089QQthXQbZiXAJOkKg",,,,"",false,1546898798
not-yet-fetched,mp.weixin.qq.com,"https://mp.weixin.qq.com/s/pvWEeOb-WnMDqQPsWJ1xxA",,,,"",false,1148877816
not-yet-fetched,mp.weixin.qq.com,"https://mp.weixin.qq.com/s/qCLmsJVr1IXLYsYVJEdnmg",,,,"",false,1303457611
not-yet-fetched,mp.weixin.qq.com,"https://mp.weixin.qq.com/s/qvu-DR20IYN1-RYNbvMITg",,,,"",false,1531235115
not-yet-fetched,mp.weixin.qq.com,"https://mp.weixin.qq.com/s/r7751Z6YPf169d1SVqmA_Q",,,,"",false,1324685347
not-yet-fetched,mp.weixin.qq.com,"https://mp.weixin.qq.com/s/rcJ7JYfE6-L2IBpqdKBjMA",,,,"",false,1315963168
not-yet-fetched,mp.weixin.qq.com,"https://mp.weixin.qq.com/s/sVXHQWvW4-Q4IRhMedqqCA",,,,"",false,1653236412
not-yet-fetched,mp.weixin.qq.com,"https://mp.weixin.qq.com/s/uheAzKubQ37RtOEyfecoPg",,,,"",false,1529527256
not-yet-fetched,mp.weixin.qq.com,"https://mp.weixin.qq.com/s/v4cOA2cINHBQygUqsq3GVw",,,,"",false,1380632107
not-yet-fetched,mp.weixin.qq.com,"https://mp.weixin.qq.com/s/vYzJw1fLtVW6d5QjUsr8hQ",,,,"",false,1524216339
not-yet-fetched,mp.weixin.qq.com,"https://mp.weixin.qq.com/s/vyetdRyVXJRifonRDM4BWQ",,,,"",false,1491365939
not-yet-fetched,mp.weixin.qq.com,"https://mp.weixin.qq.com/s/wVcItgqsCiwl9-PZ56z27w",,,,"",false,1649818484
not-yet-fetched,mp.weixin.qq.com,"https://mp.weixin.qq.com/s/w_sb_ei-tSGVz9asI9cidQ",,,,"",false,1303463337
not-yet-fetched,mp.weixin.qq.com,"https://mp.weixin.qq.com/s/xNKdTl5cUPnpVe3OQ3wXKg",,,,"",false,1330406087
not-yet-fetched,mp.weixin.qq.com,"https://mp.weixin.qq.com/s/xZWaZsg_Z5j4cKsvUvksVw",,,,"",false,1380636430
not-yet-fetched,mp.weixin.qq.com,"https://mp.weixin.qq.com/s/xfgYZTScSCYlwpnNR_MUSw",,,,"",false,1564045811
not-yet-fetched,mp.weixin.qq.com,"https://mp.weixin.qq.com/s/y7xr7fDaVJIlZUnVOABx3w",,,,"",false,1516859551
not-yet-fetched,my.feishu.cn,"https://my.feishu.cn/wiki/ZiDawvtVjihFhwktNk3cl0shn1b",,,,"",false,1677518951
not-yet-fetched,news.ycombinator.com,"https://news.ycombinator.com/item?id=44118818",,,,"",false,1113877642
not-yet-fetched,newsletter.semianalysis.com,"https://newsletter.semianalysis.com/p/aws-trainium3-deep-dive-a-potential",,,,"",false,1576266837
not-yet-fetched,newsletter.semianalysis.com,"https://newsletter.semianalysis.com/p/nvidia-tensor-core-evolution-from-volta-to-blackwell",,,,"",false,1543661581
not-yet-fetched,newsletter.semianalysis.com,"https://newsletter.semianalysis.com/p/tpuv7-google-takes-a-swing-at-the",,,,"",false,1556353208
not-yet-fetched,nvidianews.nvidia.com,"https://nvidianews.nvidia.com/news/nvidia-announces-open-physical-ai-data-factory-blueprint-to-accelerate-robotics-vision-ai-agents-and-autonomous-vehicle-development",,,,"",false,1646925961
not-yet-fetched,nvidianews.nvidia.com,"https://nvidianews.nvidia.com/news/nvidia-launches-vera-cpu-purpose-built-for-agentic-ai",,,,"",false,1646926260
not-yet-fetched,open-vsx.org,"https://open-vsx.org/?search=claude%20code&sortBy=relevance&sortOrder=desc",,,,"",false,1429603514
not-yet-fetched,ping0.cc,"http://ping0.cc/",,,,"",false,1552972154
not-yet-fetched,pytorch.landscape2.io,"https://pytorch.landscape2.io/",,,,"",false,1596621960
not-yet-fetched,qwen.ai,"https://qwen.ai/blog?id=qwen3.5",,,,"",false,1628165774
not-yet-fetched,qwen.ai,"https://qwen.ai/research",,,,"",false,1542334314
not-yet-fetched,rate.linux.do,"https://rate.linux.do/",,,,"",false,1492773321
not-yet-fetched,research.nvidia.com,"https://research.nvidia.com/labs/avg/#research",,,,"",false,1540361266
not-yet-fetched,scnajei2ds6y.feishu.cn,"https://scnajei2ds6y.feishu.cn/wiki/XdeBwWZi7iSxMJkXh6qcCmPWnqZ",,,,"",false,1100161600
not-yet-fetched,sebastianraschka.com,"https://sebastianraschka.com/blog/2025/from-gpt-2-to-gpt-oss.html",,,,"",false,1323182376
not-yet-fetched,sebastianraschka.com,"https://sebastianraschka.com/llm-architecture-gallery/",,,,"",false,1670346258
not-yet-fetched,shop.elsevier.com,"https://shop.elsevier.com/books/programming-massively-parallel-processors/hwu/978-0-443-43900-1",,,,"",false,1691380116
not-yet-fetched,sspai.com,"https://sspai.com/post/59368",,,,"",false,1271845050
not-yet-fetched,sspai.com,"https://sspai.com/post/90170",,,,"",false,1377034872
not-yet-fetched,sspai.com,"https://sspai.com/post/96663",,,,"",false,1096619101
not-yet-fetched,sspai.com,"https://sspai.com/post/99591",,,,"",false,1132346397
not-yet-fetched,stackoverflow.com,"https://stackoverflow.com/questions/77068802/how-do-i-install-vscode-server-offline-on-a-server-for-vs-code-version-1-82-0-or",,,,"",false,1290214646
not-yet-fetched,status.whgd.eu.org,"https://status.whgd.eu.org/status/docker",,,,"",false,1150935894
not-yet-fetched,studentdiscounts-43kxjpre.manus.space,"https://studentdiscounts-43kxjpre.manus.space/",,,,"",false,1576336948
not-yet-fetched,swfvqxo30ma.feishu.cn,"https://swfvqxo30ma.feishu.cn/wiki/J4CQwxPruisyFXk599AcIdDInPh",,,,"",false,1101793536
not-yet-fetched,swfvqxo30ma.feishu.cn,"https://swfvqxo30ma.feishu.cn/wiki/M1Cew0iYaiH9jfkeD5XcXEuZn3d",,,,"",false,1100156635
not-yet-fetched,swfvqxo30ma.feishu.cn,"https://swfvqxo30ma.feishu.cn/wiki/NKIDwQiGwijn2skB7aJcBryDndc",,,,"",false,1100206144
not-yet-fetched,swfvqxo30ma.feishu.cn,"https://swfvqxo30ma.feishu.cn/wiki/RAaYwrRvriuHohkLFa8cHpnunrd",,,,"",false,1101618498
not-yet-fetched,tailscale.com,"https://tailscale.com/kb/1278/tailscaled#environment-variables",,,,"",false,1476015219
not-yet-fetched,trend.tgmeng.com,"https://trend.tgmeng.com/",,,,"",false,1220676320
not-yet-fetched,upiwgvvcb4.feishu.cn,"https://upiwgvvcb4.feishu.cn/wiki/FK0SwUEdCi5hmIkRBWDcbb8fnxh",,,,"",false,1094601429
not-yet-fetched,upiwgvvcb4.feishu.cn,"https://upiwgvvcb4.feishu.cn/wiki/RT9hw9alFi3vkAkv9mhcmuq8nBf?fromScene=spaceOverview",,,,"",false,1094601420
not-yet-fetched,upiwgvvcb4.feishu.cn,"https://upiwgvvcb4.feishu.cn/wiki/Tul7wxVqRi0SsCkbb1rcvdLJnXf?fromScene=spaceOverview",,,,"",false,1094601426
not-yet-fetched,upiwgvvcb4.feishu.cn,"https://upiwgvvcb4.feishu.cn/wiki/UeoFwJwNUi5bKxkOMcIcIy9vnhg?fromScene=spaceOverview",,,,"",false,1094601421
not-yet-fetched,upiwgvvcb4.feishu.cn,"https://upiwgvvcb4.feishu.cn/wiki/ZZfbwjs9YiaNr1k1BJDcqAbrnGd?fromScene=spaceOverview",,,,"",false,1094601425
not-yet-fetched,uxwing.com,"https://uxwing.com/",,,,"",false,1556767301
not-yet-fetched,wangzhiyu.notion.site,"https://wangzhiyu.notion.site/",,,,"",false,1101220253
not-yet-fetched,wiki.litenext.digital,"https://wiki.litenext.digital/wiki/daft?file=06-ray-runner",,,,"",false,1572898846
not-yet-fetched,wiki.litenext.digital,"https://wiki.litenext.digital/wiki/flashmla?file=01-overview",,,,"",false,1563856992
not-yet-fetched,wiki.litenext.digital,"https://wiki.litenext.digital/wiki/flashmla?file=03-kernel-implementations",,,,"",false,1567624444
not-yet-fetched,wiki.litenext.digital,"https://wiki.litenext.digital/wiki/flashmla?file=04-memory-management",,,,"",false,1567844719
not-yet-fetched,wiki.litenext.digital,"https://wiki.litenext.digital/wiki/flashmla?file=05-attention-algorithms",,,,"",false,1568049417
not-yet-fetched,wiki.litenext.digital,"https://wiki.litenext.digital/wiki/jax?file=01-overview",,,,"",false,1553122883
not-yet-fetched,wiki.litenext.digital,"https://wiki.litenext.digital/wiki/jax?file=03-core-architecture",,,,"",false,1553335618
not-yet-fetched,wiki.litenext.digital,"https://wiki.litenext.digital/wiki/jax?file=04-transformation-system",,,,"",false,1553423175
not-yet-fetched,wiki.litenext.digital,"https://wiki.litenext.digital/wiki/megatron-lm?file=05-tensor-parallelism",,,,"",false,1564995886
not-yet-fetched,wiki.litenext.digital,"https://wiki.litenext.digital/wiki/megatron-lm?file=08-context-parallelism",,,,"",false,1554466538
not-yet-fetched,wiki.litenext.digital,"https://wiki.litenext.digital/wiki/megatron-lm?file=12-attention-mechanisms",,,,"",false,1554712064
not-yet-fetched,wiki.litenext.digital,"https://wiki.litenext.digital/wiki/megatron-lm?file=13-feedforward-networks",,,,"",false,1554623330
not-yet-fetched,wiki.litenext.digital,"https://wiki.litenext.digital/wiki/pytorch?file=02-core-tensor-library",,,,"",false,1555898031
not-yet-fetched,wiki.litenext.digital,"https://wiki.litenext.digital/wiki/simai",,,,"",false,1528237974
not-yet-fetched,wiki.litenext.digital,"https://wiki.litenext.digital/wiki/slime?file=01-overview",,,,"",false,1622803607
not-yet-fetched,wiki.litenext.digital,"https://wiki.litenext.digital/wiki/slime?file=02-distributed-orchestration",,,,"",false,1622988970
not-yet-fetched,wiki.litenext.digital,"https://wiki.litenext.digital/wiki/spdl?file=01-overview",,,,"",false,1552973264
not-yet-fetched,wiki.litenext.digital,"https://wiki.litenext.digital/wiki/spdl?file=03-core-architecture",,,,"",false,1553050033
not-yet-fetched,wiki.litenext.digital,"https://wiki.litenext.digital/wiki/vllm?file=10-distributed#prefill-context-parallelism-pcp",,,,"",false,1585873972
not-yet-fetched,wsgzao.github.io,"https://wsgzao.github.io/post/lrzsz",,,,"",false,1094601463
not-yet-fetched,wuying.aliyun.com,"https://wuying.aliyun.com/container.html?desktopId=ecd-celxc8wwyuazx9250&flag=desktop&regionId=cn-shenzhen&resourceName=%E9%BB%84%E9%87%91%E6%AC%BE&osType=Linux",,,,"",false,1477974390
not-yet-fetched,www.51cto.com,"https://www.51cto.com/aigc/3474.html",,,,"",false,1300088987
not-yet-fetched,www.aitmpl.com,"https://www.aitmpl.com/agents",,,,"",false,1415034148
not-yet-fetched,www.aleksagordic.com,"https://www.aleksagordic.com/blog/matmul",,,,"",false,1384836750
not-yet-fetched,www.aleksagordic.com,"https://www.aleksagordic.com/blog/vllm",,,,"",false,1325021233
not-yet-fetched,www.anthropic.com,"https://www.anthropic.com/news/how-anthropic-teams-use-claude-code",,,,"",false,1267788158
not-yet-fetched,www.bilibili.com,"https://www.bilibili.com/video/BV1HUUTBCEnf/?spm_id_from=333.1365.list.card_archive.click&vd_source=b2e629cd746fd5b23e2a082bb2af806b",,,,"",false,1453851273
not-yet-fetched,www.connectedpapers.com,"https://www.connectedpapers.com/",,,,"",false,1491947321
not-yet-fetched,www.datawhale.cn,"https://www.datawhale.cn/learn/summary/179",,,,"",false,1148873509
not-yet-fetched,www.fibermall.com,"https://www.fibermall.com/blog/nvidia-b100-b200-gh200-nvl72-superpod.htm?srsltid=AfmBOorNLgqAQTISTjy565uxFmIk9n1dp1Rgbe7BSL_JPrzBU0QQKxXt",,,,"",false,1538928463
not-yet-fetched,www.gilesthomas.com,"https://www.gilesthomas.com/2025/12/llm-from-scratch-28-training-a-base-model-from-scratch",,,,"",false,1585368567
not-yet-fetched,www.glennklockwood.com,"https://www.glennklockwood.com/garden/tensor-cores",,,,"",false,1424396602
not-yet-fetched,www.macwk.com,"https://www.macwk.com/",,,,"",false,1168721880
not-yet-fetched,www.nvidia.com,"https://www.nvidia.com/en-us/data-center/vera-rubin-nvl72/",,,,"",false,1562423997
not-yet-fetched,www.philschmid.de,"https://www.philschmid.de/kimi-composer-context",,,,"",false,1665816133
not-yet-fetched,www.reddit.com,"https://www.reddit.com/r/ClaudeAI/s/UgkMOt8PZn",,,,"",false,1383662576
not-yet-fetched,www.reddit.com,"https://www.reddit.com/r/ClaudeAI/s/sC2jBLmPm4",,,,"",false,1270351228
not-yet-fetched,www.reddit.com,"https://www.reddit.com/r/bashonubuntuonwindows/comments/1fyqsv5/best_way_to_keep_wsl2_up_for_extended_periods_and/?tl=zh-hans",,,,"",false,1127236146
not-yet-fetched,www.scribd.com,"https://www.scribd.com/document/945906478/2025-%E4%BA%91%E6%A0%96%E5%A4%A7%E4%BC%9A%E4%BA%A7%E5%93%81%E6%8A%80%E6%9C%AF-What-s-New-%E6%B1%87%E6%80%BB-%E5%8F%AF%E5%A4%96%E5%8F%91",,,,"",false,1506399376
not-yet-fetched,www.sohu.com,"http://www.sohu.com/a/165596586_657253",,,,"",false,1094601528
not-yet-fetched,www.sohu.com,"https://www.sohu.com/a/164511327_657253",,,,"",false,1094601527
not-yet-fetched,www.substratus.ai,"https://www.substratus.ai/blog/kind-with-gpus",,,,"",false,1107527230
not-yet-fetched,www.v2ex.com,"https://www.v2ex.com/t/979201",,,,"",false,1143221781
not-yet-fetched,www.xiaohongshu.com,"https://www.xiaohongshu.com/discovery/item/68c2de8f000000001d01f73f?app_platform=ios&app_version=9.1.2&share_from_user_hidden=true&xsec_source=app_share&type=normal&xsec_token=CB11_LEQPKv226nBFCyNHw9LmkD9JA7byNOcoj-4MeMWE=&author_share=1&xhsshare=CopyLink&shareRedId=Nz80Njo4Rj48SDtDP0E1Pzg2TkpFNz08&apptime=1758337383&share_id=023f4c90dce442839e00e74ab65c70b5",,,,"",false,1350048744
not-yet-fetched,www.xiaohongshu.com,"https://www.xiaohongshu.com/discovery/item/68ee4e6e000000000300c112?app_platform=ios&app_version=9.3.1&share_from_user_hidden=true&xsec_source=app_share&type=normal&xsec_token=CB6vmq_4IAu9EOWeoi-BWRLJjDM8OWIIbi5WFiZvrxOms=&author_share=1&xhsshare=CopyLink&shareRedId=ODk0NzdINjo2NzUyOTgwNjg2OTpFODhL&apptime=1760482414&share_id=b1420cb833104e34b3e6558d18e11922",,,,"",false,1388766747
not-yet-fetched,www.xiaohongshu.com,"https://www.xiaohongshu.com/discovery/item/68f3561d00000000040200ae?app_platform=ios&app_version=9.4&share_from_user_hidden=true&xsec_source=app_share&type=normal&xsec_token=CBW7SRXT-Vdjl_bYBms21q20hj69lxOqHNtqVcL0nLDz8=&author_share=1&xhsshare=CopyLink&shareRedId=ODk0NzdINjo2NzUyOTgwNjg2OTpFODhL&apptime=1761731154&share_id=aa08c256830c486c93e2a436c6050ec5",,,,"",false,1413165593
not-yet-fetched,www.xiaohongshu.com,"https://www.xiaohongshu.com/discovery/item/690c6903000000000402aef5?app_platform=ios&app_version=9.7.3&share_from_user_hidden=true&xsec_source=app_share&type=normal&xsec_token=CBXmEOvLrz1EEqLXcVDS4_Dm4sr0VLRSpkTkZ5staj_MY=&author_share=1&xhsshare=CopyLink&shareRedId=ODk0NzdINjo2NzUyOTgwNjg2OTpFODhL&apptime=1762765942&share_id=6b608830174c4bb09b63b5e14162eafa",,,,"",false,1428416366
not-yet-fetched,www.xiaohongshu.com,"https://www.xiaohongshu.com/discovery/item/692f9e8a000000001e004115?app_platform=ios&app_version=9.12.2&share_from_user_hidden=true&xsec_source=app_share&type=normal&xsec_token=CB3Fbn-oRIsOETTgQB1innaTV7kYfnAgS-vsEbLtlCt30=&author_share=1&xhsshare=CopyLink&shareRedId=ODk0NzdINjo2NzUyOTgwNjg2OTpFODhL&apptime=1765583727&share_id=9133772d8c0343b29a8e8efccb4124a6",,,,"",false,1486239620
not-yet-fetched,www.xiaohongshu.com,"https://www.xiaohongshu.com/discovery/item/6930dca6000000001e004578?app_platform=ios&app_version=9.11&share_from_user_hidden=true&xsec_source=app_share&type=normal&xsec_token=CB_skEIlFdlPpFwk1zxGcM_A5fg0vDh0G9L9JgrjxQWwQ=&author_share=1&xhsshare=CopyLink&shareRedId=ODk0NzdINjo2NzUyOTgwNjg2OTpFODhL&apptime=1764839173&share_id=3e1d698c9b45432ab55abb08e340459d",,,,"",false,1472284972
not-yet-fetched,www.xiaohongshu.com,"https://www.xiaohongshu.com/discovery/item/694f643c000000002103f1c1?app_platform=ios&app_version=9.14.2&share_from_user_hidden=true&xsec_source=app_share&type=normal&xsec_token=CBH76vDxcfj9oBn8XomVbljWAIIGgRyxkvI368CmDHmoU=&author_share=1&xhsshare=CopyLink&shareRedId=ODk0NzdINjo2NzUyOTgwNjg2OTpFODhL&apptime=1766880726&share_id=392e068be4da4bf6ab9be903de7b9654",,,,"",false,1512453669
not-yet-fetched,www.xiaohongshu.com,"https://www.xiaohongshu.com/discovery/item/696432880000000021029d33?app_platform=ios&app_version=9.16.1&share_from_user_hidden=true&xsec_source=app_share&type=normal&xsec_token=CBD50ZJ8x-4xn6W_P15oqThCEVf3q1iTTkNvJ2553Xji8=&author_share=1&xhsshare=CopyLink&shareRedId=ODk0NzdINjo2NzUyOTgwNjg2OTpFODhL&apptime=1768193612&share_id=29f3e1057ba24f73893723a2f0bf4f85",,,,"",false,1539016117
not-yet-fetched,www.xiaohongshu.com,"https://www.xiaohongshu.com/discovery/item/69688d7a000000001a03055d?app_platform=ios&app_version=9.16.1&share_from_user_hidden=true&xsec_source=app_share&type=normal&xsec_token=CBdMMDrm4LUepe0YpQ70y1Q6wKORDuTWuXHia9eUcv-7w=&author_share=1&xhsshare=CopyLink&shareRedId=ODk0NzdINjo2NzUyOTgwNjg2OTpFODhL&apptime=1768536987&share_id=854992df6a004b0abe13d94dc3dbd071",,,,"",false,1547120472
not-yet-fetched,www.xiaohongshu.com,"https://www.xiaohongshu.com/discovery/item/69691daf000000000e00fece?app_platform=ios&app_version=9.16.1&share_from_user_hidden=true&xsec_source=app_share&type=normal&xsec_token=CBDK1oXtJeqqlXyc1f-xy0T-5sdtigeWAjOSGSjXmXyOg=&author_share=1&xhsshare=CopyLink&shareRedId=ODk0NzdINjo2NzUyOTgwNjg2OTpFODhL&apptime=1768539124&share_id=ff77a7f33ace4eb48a2b8a92fd7c57a4",,,,"",false,1547140017
not-yet-fetched,www.xiaohongshu.com,"https://www.xiaohongshu.com/discovery/item/69894f9a000000000b0136c8?app_platform=ios&app_version=9.19.3&share_from_user_hidden=true&xsec_source=app_share&type=normal&xsec_token=CBDmGH-uRZTIZB80A6muygnf_He0JfZwGxBXjT0wCCgkA=&author_share=1&xhsshare=CopyLink&shareRedId=ODk0NzdINjo2NzUyOTgwNjg2OTpFODhL&apptime=1770613718&share_id=255cc5ac07924ab5b2e8f0b97231b827",,,,"",false,1587972176
not-yet-fetched,www.xiaohongshu.com,"https://www.xiaohongshu.com/discovery/item/699dc3b2000000001d025e9a?app_platform=ios&app_version=9.19.4&share_from_user_hidden=true&xsec_source=app_share&type=normal&xsec_token=CBNPwAg1arQe6BT-jv1i0T_kCC4nE9MsJ6f4jsA-L3xXo=&author_share=1&xhsshare=CopyLink&shareRedId=ODk0NzdINjo2NzUyOTgwNjg2OTpFODhL&apptime=1771972198&share_id=0ccd27c50f294b808f413fce4bdead73",,,,"",false,1616416207
not-yet-fetched,www.xiaohongshu.com,"https://www.xiaohongshu.com/discovery/item/69a9b596000000002202c5d7?app_platform=ios&app_version=9.21&share_from_user_hidden=true&xsec_source=app_share&type=video&xsec_token=CBwU6W_nE1IkwU5o1m1OOiEYrX0_0z72skzU1h2fDVMIA=&author_share=1&xhsshare=CopyLink&shareRedId=ODk0NzdINjo2NzUyOTgwNjg2OTpFODhL&apptime=1773416818&share_id=05734fc423884976a1f76263a4a77475",,,,"",false,1641997688
not-yet-fetched,www.xiaohongshu.com,"https://www.xiaohongshu.com/discovery/item/69b22c73000000001b01c7e7?app_platform=ios&app_version=9.20&share_from_user_hidden=true&xsec_source=app_share&type=video&xsec_token=CBLjVoM-KU--fg0I59PxWXVlagHPRqy6EDDsE7fAPK-UY=&author_share=1&xhsshare=CopyLink&shareRedId=ODk0NzdINjo2NzUyOTgwNjg2OTpFODhL&apptime=1773404604&share_id=857e789fe4dd48fdac6d086a0f2c6544",,,,"",false,1641872954
not-yet-fetched,www.xiaohongshu.com,"https://www.xiaohongshu.com/discovery/item/69b5ffbd000000002103a345?app_platform=ios&app_version=9.21&share_from_user_hidden=true&xsec_source=app_share&type=video&xsec_token=CBvS_DftfFQe7-99aW8JCsiHpQhnmbCqEpQ1fs7SBjdnw=&author_share=1&xhsshare=CopyLink&shareRedId=ODk0NzdINjo2NzUyOTgwNjg2OTpFODhL&apptime=1773545788&share_id=e79775fb93b640329ae48f2450909e04",,,,"",false,1644195665
not-yet-fetched,www.xiaohongshu.com,"https://www.xiaohongshu.com/discovery/item/69b8157a000000002200dde0?app_platform=ios&app_version=9.21&share_from_user_hidden=true&xsec_source=app_share&type=normal&xsec_token=CBnQYqpHWeCxpsmKaCmSL9HYC_j0YrJgSrIHLU6Mghkfs=&author_share=1&xhsshare=CopyLink&shareRedId=ODk0NzdINjo2NzUyOTgwNjg2OTpFODhL&apptime=1773673907&share_id=ca6678b38bf041ad92116ebab16433ac",,,,"",false,1646238760
not-yet-fetched,www.xiaohongshu.com,"https://www.xiaohongshu.com/discovery/item/69b8d122000000001d01a6c7?app_platform=ios&app_version=9.21&share_from_user_hidden=true&xsec_source=app_share&type=normal&xsec_token=CBnQYqpHWeCxpsmKaCmSL9HU2UNjJM87vGlDiHpqqGPCg=&author_share=1&xhsshare=CopyLink&shareRedId=ODk0NzdINjo2NzUyOTgwNjg2OTpFODhL&apptime=1773794058&share_id=a5611c215f234782bdb35ae9499891f3",,,,"",false,1648092574
not-yet-fetched,www.xiaohongshu.com,"https://www.xiaohongshu.com/discovery/item/69bf57f200000000230274d8?app_platform=ios&app_version=9.22.1&share_from_user_hidden=true&xsec_source=app_share&type=normal&xsec_token=CB9zXXvlLFElW-g7oE10rosHDcOG1Q443XT09xLz0XMjc=&author_share=1&xhsshare=CopyLink&shareRedId=ODk0NzdINjo2NzUyOTgwNjg2OTpFODhL&apptime=1774177469&share_id=e616c221fc25494bb1811f452f164fdc",,,,"",false,1653174795
not-yet-fetched,www.xiaohongshu.com,"https://www.xiaohongshu.com/explore/67681988000000000800eaf4?xsec_token=AB864n9Ta4N1D4nN2R-AOkI32a1w4iNih7FlQoOnB7W8s=&xsec_source=pc_collect",,,,"",false,1100074138
not-yet-fetched,www.xiaohongshu.com,"https://www.xiaohongshu.com/explore/6775617f000000001301bcb2?xsec_token=ABZbXCdJCkyF4FJCU32Ag4CZoJYtV6EK7I1QIt7F22L08=&xsec_source=pc_collect",,,,"",false,1100083631
not-yet-fetched,www.xiaohongshu.com,"https://www.xiaohongshu.com/explore/6779ebf7000000000800f54d?xsec_token=ABxYOgmkaBaoxIL1ToDAytGsRTvE0jPI8E-tURcFTRVYQ=&xsec_source=pc_collect",,,,"",false,1100069092
not-yet-fetched,www.xiaohongshu.com,"https://www.xiaohongshu.com/explore/67959519000000001800dfb8?xsec_token=ABuj-gENlOpBmxM36qdT1vAPErpHqrdOfeCvsfjsxp5vk=&xsec_source=pc_collect",,,,"",false,1100083530
not-yet-fetched,www.xiaohongshu.com,"https://www.xiaohongshu.com/explore/679ba5a5000000002903d25c?xsec_token=ABgo8AgfcBY1DMgI4lBrslyrts9pJSCbgASmYOlxvhPlo=&xsec_source=pc_collect",,,,"",false,1100087000
not-yet-fetched,www.xiaohongshu.com,"https://www.xiaohongshu.com/explore/67a959cc0000000029036f95?xsec_token=ABDsD0dz83N6aNQh42TzEbPj955octbFO66ZfWVrX05BQ=&xsec_source=pc_collect",,,,"",false,1100097821
not-yet-fetched,www.xiaohongshu.com,"https://www.xiaohongshu.com/explore/67b3ff8c000000002900a6cb?xsec_token=ABwA4vIW54wvzU_c9EAXh9zGfVFhCUWpZ_LNdBngQytlA=&xsec_source=pc_collect",,,,"",false,1100105805
not-yet-fetched,www.xiaohongshu.com,"https://www.xiaohongshu.com/explore/6824524e000000002202c8df?xsec_token=AB7IQjd_15vzQ0nNYnnKehLIZ9qwTgyCAnDQuC-k765GA=&xsec_source=pc_collect",,,,"",false,1100063319
not-yet-fetched,www.xiaohongshu.com,"https://www.xiaohongshu.com/explore/682579f0000000002101a8f3?xsec_token=AB6netT9E-wVUH8rZi4-fThLS9u5BBV1ueU3TYbJTUdbs=&xsec_source=pc_collect",,,,"",false,1100059288
not-yet-fetched,www.xiaohongshu.com,"https://www.xiaohongshu.com/explore/6825dd70000000002100ef24?app_platform=ios&app_version=8.84&share_from_user_hidden=true&xsec_source=app_share&type=normal&xsec_token=CB5e7hnTTvG6zojEtLd2-4ls45XcmYtdW7-XTjHIX7wKM=&author_share=1&xhsshare=CopyLink&shareRedId=Nz80Njo4Rj48SDtDP0E1Pzg2TkpFNz08&apptime=1748388083&share_id=2f144ffef3b843fd8d9612f4302071e2",,,,"",false,1212843090
not-yet-fetched,www.xiaohongshu.com,"https://www.xiaohongshu.com/explore/6828c98d0000000021018a17?xsec_token=ABWJvO-ezFuKLico8NZNgKIwxQZf9uI8J0JHc15OkcdPQ=&xsec_source=pc_collect",,,,"",false,1100054054
not-yet-fetched,www.xiaohongshu.com,"https://www.xiaohongshu.com/explore/6832d1780000000021019459?xsec_token=ABRpEUNAAF00vDL7Mw4fprpVJQutEWQFwoCkv-pgn4mw8=&xsec_source=pc_collect",,,,"",false,1100012199
not-yet-fetched,www.xiaohongshu.com,"https://www.xiaohongshu.com/explore/685261390000000015020dbd?app_platform=ios&app_version=8.88&share_from_user_hidden=true&xsec_source=app_share&type=normal&xsec_token=CBB4r1JEZNJF0MMr4_u6IsGHxs4MvkvM1KecRhV3Z1gik=&author_share=1&xhsshare=CopyLink&shareRedId=ODk0NzdINjo2NzUyOTgwNjg2OTpFODhL&apptime=1750982344&share_id=6cf0a4fe3584411eb278b35216501bf1",,,,"",false,1212843783
not-yet-fetched,www.xiaohongshu.com,"https://www.xiaohongshu.com/explore/6862d54b000000001d00db9f?app_platform=ios&app_version=8.90&share_from_user_hidden=true&xsec_source=app_share&type=normal&xsec_token=CBJZtiCXacnpH_tvPoii0aGgQ27t6ChIo5SgSqouv5XEM=&author_share=1&xhsshare=CopyLink&shareRedId=Nz80Njo4Rj48SDtDP0E1Pzg2TkpFNz08&apptime=1751523007&share_id=fb9f6bf6f0d844a8a0c2c98323dfbb0d",,,,"",false,1213455881
not-yet-fetched,www.xiaohongshu.com,"https://www.xiaohongshu.com/explore/68ff8cb200000000030352b5?app_platform=ios&app_version=9.6&share_from_user_hidden=true&xsec_source=app_share&type=normal&xsec_token=CBHCwKfJkXDEjubp9UWGixsVLXYEguHWf5VaKfkNw-Efs=&author_share=1&xhsshare=CopyLink&shareRedId=ODk0NzdINjo2NzUyOTgwNjg2OTpFODhL&apptime=1762310802&share_id=99b81e20c92642a084ab32af67035039",,,,"",false,1422123027
not-yet-fetched,www.xiaohongshu.com,"https://www.xiaohongshu.com/user/profile/685a94f3000000001d0091b9?xsec_token=YBXWRonBDJRYjhvDC-mbfkrckpr7SpvM5B43_DSyfIzSQ=&xsec_source=app_share&xhsshare=CopyLink&appuid=592673b56a6a695923eca273&apptime=1750813825&share_id=820c6fc3b26a41fe9a071fd6db924252",,,,"",false,1213453257
not-yet-fetched,www.xiaopeng.com,"https://www.xiaopeng.com/news/company_news/5462.html?",,,,"",false,1479464509
not-yet-fetched,www.zhihu.com,"https://www.zhihu.com/question/1918276517865157261/answer/1918748704971678665",,,,"",false,1180900075
not-yet-fetched,www.zhihu.com,"https://www.zhihu.com/question/1927140506573435010/answer/1927892108636849910?share_code=t5Nk5rz1rMPE&utm_psn=1928367309795361809",,,,"",false,1248895328
not-yet-fetched,x.com,"https://x.com/_avichawla?s=11&t=NY2Gen7OO07bmDYBV03nRg",,,,"",false,1120637561
not-yet-fetched,x.com,"https://x.com/elonmusk/status/2012500968571637891",,,,"",false,1551555650
not-yet-fetched,x.com,"https://x.com/garrytan/status/2042497872114090069?s=12&t=NY2Gen7OO07bmDYBV03nRg",,,,"",false,1680928326
not-yet-fetched,x.com,"https://x.com/karpathy/status/1929597620969951434?s=46&t=NY2Gen7OO07bmDYBV03nRg",,,,"",false,1135175555
not-yet-fetched,x.com,"https://x.com/nextbigfuture/status/1947799688700469702",,,,"",false,1494595648
not-yet-fetched,x666.me,"https://x666.me/",,,,"",false,1132135016
not-yet-fetched,xhslink.com,"http://xhslink.com/a/1mSYqla1Jzhfb",,,,"",false,1179958619
not-yet-fetched,xhslink.com,"http://xhslink.com/a/2ejpERVEdnIdb",,,,"",false,1116895209
not-yet-fetched,xhslink.com,"http://xhslink.com/a/AUIlUjq0Qmzdb",,,,"",false,1107404909
not-yet-fetched,xhslink.com,"http://xhslink.com/a/C1uoy8lyJctdb",,,,"",false,1096450508
not-yet-fetched,xhslink.com,"http://xhslink.com/a/C7MEgIXGG9Ydb",,,,"",false,1129546386
not-yet-fetched,xhslink.com,"http://xhslink.com/a/CWHnRRwiJEseb",,,,"",false,1146621129
not-yet-fetched,xhslink.com,"http://xhslink.com/a/ERYzuHuevPceb",,,,"",false,1138700546
not-yet-fetched,xhslink.com,"http://xhslink.com/a/FTxoEvaebWaeb",,,,"",false,1137991903
not-yet-fetched,xhslink.com,"http://xhslink.com/a/IkSVWPELKJvdb",,,,"",false,1101162290
not-yet-fetched,xhslink.com,"http://xhslink.com/a/IuZ4AqJbHaZdb",,,,"",false,1129550881
not-yet-fetched,xhslink.com,"http://xhslink.com/a/JMt0AnEJZzFeb",,,,"",false,1155369426
not-yet-fetched,xhslink.com,"http://xhslink.com/a/L87TFZwiU75db",,,,"",false,1135174550
not-yet-fetched,xhslink.com,"http://xhslink.com/a/LtIIz2TWuDzeb",,,,"",false,1152064597
not-yet-fetched,xhslink.com,"http://xhslink.com/a/M9nIYT44nJ0db",,,,"",false,1130914609
not-yet-fetched,xhslink.com,"http://xhslink.com/a/PoKngHuZpVtdb",,,,"",false,1097446701
not-yet-fetched,xhslink.com,"http://xhslink.com/a/RnTGytUmBbIdb",,,,"",false,1116697229
not-yet-fetched,xhslink.com,"http://xhslink.com/a/TxpAfXTQBKMeb",,,,"",false,1159787928
not-yet-fetched,xhslink.com,"http://xhslink.com/a/UtNAFtr30Qweb",,,,"",false,1149785654
not-yet-fetched,xhslink.com,"http://xhslink.com/a/V2VguvMZ3Vtdb",,,,"",false,1097456565
not-yet-fetched,xhslink.com,"http://xhslink.com/a/Z0sZcGMC5Ptdb",,,,"",false,1097344404
not-yet-fetched,xhslink.com,"http://xhslink.com/a/cfXRad4rMcCgb",,,,"",false,1231526917
not-yet-fetched,xhslink.com,"http://xhslink.com/a/j8xAYuiiMRweb",,,,"",false,1149786446
not-yet-fetched,xhslink.com,"http://xhslink.com/a/jac5sJ0ZLFOeb",,,,"",false,1160998489
not-yet-fetched,xhslink.com,"http://xhslink.com/a/kcEQdhn2v04eb",,,,"",false,1169939821
not-yet-fetched,xhslink.com,"http://xhslink.com/a/kdTU3TPJowEdb",,,,"",false,1113854533
not-yet-fetched,xhslink.com,"http://xhslink.com/a/pjDPgzt1Fjbfb",,,,"",false,1174516031
not-yet-fetched,xhslink.com,"http://xhslink.com/a/qUIJPHgLeD7fb",,,,"",false,1210524782
not-yet-fetched,xhslink.com,"http://xhslink.com/a/rFVrNJofp9qfb",,,,"",false,1184281616
not-yet-fetched,xhslink.com,"http://xhslink.com/m/1Ae9RgGTMQO",,,,"",false,1239135123
not-yet-fetched,xhslink.com,"http://xhslink.com/m/2Z9tI0uec0r",,,,"",false,1293325462
not-yet-fetched,xhslink.com,"http://xhslink.com/m/2Zx2wM9HZbw",,,,"",false,1335236648
not-yet-fetched,xhslink.com,"http://xhslink.com/m/3MbNwmSzyTH",,,,"",false,1277450141
not-yet-fetched,xhslink.com,"http://xhslink.com/m/3PgE6QpmXF1",,,,"",false,1289771814
not-yet-fetched,xhslink.com,"http://xhslink.com/m/5ge8p3ad9lg",,,,"",false,1268543362
not-yet-fetched,xhslink.com,"http://xhslink.com/m/641t9FmLeEK",,,,"",false,1245968325
not-yet-fetched,xhslink.com,"http://xhslink.com/m/69p6H1sHCh9",,,,"",false,1328562780
not-yet-fetched,xhslink.com,"http://xhslink.com/m/6JyKpgOIvD1",,,,"",false,1320696088
not-yet-fetched,xhslink.com,"http://xhslink.com/m/6LDGdBOyFJp",,,,"",false,1274573109
not-yet-fetched,xhslink.com,"http://xhslink.com/m/6l0r7tiini3",,,,"",false,1334864370
not-yet-fetched,xhslink.com,"http://xhslink.com/m/7NrfblHyCeY",,,,"",false,1271140268
not-yet-fetched,xhslink.com,"http://xhslink.com/m/7mWibPjjah7",,,,"",false,1239017300
not-yet-fetched,xhslink.com,"http://xhslink.com/m/7mjA3RvJHYU",,,,"",false,1268309268
not-yet-fetched,xhslink.com,"http://xhslink.com/m/7xickVROQRR",,,,"",false,1335236670
not-yet-fetched,xhslink.com,"http://xhslink.com/m/85NTVr5MYRM",,,,"",false,1287024168
not-yet-fetched,xhslink.com,"http://xhslink.com/m/8ZzmZ4EJ6pe",,,,"",false,1341181709
not-yet-fetched,xhslink.com,"http://xhslink.com/m/8mv0eZY5w79",,,,"",false,1279908139
not-yet-fetched,xhslink.com,"http://xhslink.com/m/8qRabq0lfam",,,,"",false,1350046026
not-yet-fetched,xhslink.com,"http://xhslink.com/m/9GP4hA2huSo",,,,"",false,1293325665
not-yet-fetched,xhslink.com,"http://xhslink.com/m/9MUfeje40gK",,,,"",false,1243129379
not-yet-fetched,xhslink.com,"http://xhslink.com/m/A2X9gCC8ULS",,,,"",false,1271053325
not-yet-fetched,xhslink.com,"http://xhslink.com/m/AsLCPW5hQbi",,,,"",false,1239003460
not-yet-fetched,xhslink.com,"http://xhslink.com/m/AunvRwQ5i77",,,,"",false,1266036187
not-yet-fetched,xhslink.com,"http://xhslink.com/n/1flrZvFZBtE",,,,"",false,1315103330
not-yet-fetched,xhslink.com,"http://xhslink.com/n/5w6K5j8BZXC",,,,"",false,1311811573
not-yet-fetched,xhslink.com,"http://xhslink.com/n/Arpmzdy222I",,,,"",false,1314566215
not-yet-fetched,xhslink.com,"http://xhslink.com/o/1GFv54jtjqS",,,,"",false,1635645175
not-yet-fetched,xhslink.com,"http://xhslink.com/o/1GGMS1UTnQ2",,,,"",false,1494302931
not-yet-fetched,xhslink.com,"http://xhslink.com/o/1M0kWBod4QK",,,,"",false,1582530619
not-yet-fetched,xhslink.com,"http://xhslink.com/o/1MCr0y7uTH",,,,"",false,1435752831
not-yet-fetched,xhslink.com,"http://xhslink.com/o/1NzHHf0AHs8",,,,"",false,1530883198
not-yet-fetched,xhslink.com,"http://xhslink.com/o/1OA8hCTja3E",,,,"",false,1484709951
not-yet-fetched,xhslink.com,"http://xhslink.com/o/1OZHGhOjY9w",,,,"",false,1487338966
not-yet-fetched,xhslink.com,"http://xhslink.com/o/1fi5GTav7eT",,,,"",false,1476489286
not-yet-fetched,xhslink.com,"http://xhslink.com/o/1gr8F2HwcPp",,,,"",false,1385698138
not-yet-fetched,xhslink.com,"http://xhslink.com/o/1hAeAEGS60X",,,,"",false,1634835877
not-yet-fetched,xhslink.com,"http://xhslink.com/o/1tV2AJxiZNh",,,,"",false,1421989996
not-yet-fetched,xhslink.com,"http://xhslink.com/o/1xiSuqrKNyU",,,,"",false,1432654357
not-yet-fetched,xhslink.com,"http://xhslink.com/o/2BbJ5j7id7w",,,,"",false,1637775679
not-yet-fetched,xhslink.com,"http://xhslink.com/o/2CERgDJoKMZ",,,,"",false,1652796258
not-yet-fetched,xhslink.com,"http://xhslink.com/o/2Cgs7cbc7wC",,,,"",false,1476744811
not-yet-fetched,xhslink.com,"http://xhslink.com/o/2EVK065cvCt",,,,"",false,1387404015
not-yet-fetched,xhslink.com,"http://xhslink.com/o/2JhVAAZcYnQ",,,,"",false,1413216268
not-yet-fetched,xhslink.com,"http://xhslink.com/o/2PagP2ETyVB",,,,"",false,1427940608
not-yet-fetched,xhslink.com,"http://xhslink.com/o/2QXsuppFylA",,,,"",false,1385166584
not-yet-fetched,xhslink.com,"http://xhslink.com/o/2RIXNDM0nld",,,,"",false,1419379121
not-yet-fetched,xhslink.com,"http://xhslink.com/o/2Tsz9JjyL8P",,,,"",false,1637775881
not-yet-fetched,xhslink.com,"http://xhslink.com/o/2f1M4aaFC6p",,,,"",false,1607826980
not-yet-fetched,xhslink.com,"http://xhslink.com/o/2oeckUAYo1c",,,,"",false,1466407055
not-yet-fetched,xhslink.com,"http://xhslink.com/o/2qWuyzgNdLh",,,,"",false,1546898550
not-yet-fetched,xhslink.com,"http://xhslink.com/o/2rt2Kemi4sF",,,,"",false,1416726472
not-yet-fetched,xhslink.com,"http://xhslink.com/o/2tRT2wI1OHo",,,,"",false,1494302722
not-yet-fetched,xhslink.com,"http://xhslink.com/o/2vD6odJTNq8",,,,"",false,1426192024
not-yet-fetched,xhslink.com,"http://xhslink.com/o/34EyKRGRu9A",,,,"",false,1493893487
not-yet-fetched,xhslink.com,"http://xhslink.com/o/3BPQ7xXs8ND",,,,"",false,1359521833
not-yet-fetched,xhslink.com,"http://xhslink.com/o/3GhQwXVHxlT",,,,"",false,1565713872
not-yet-fetched,xhslink.com,"http://xhslink.com/o/3HL4e1aIVdY",,,,"",false,1542253410
not-yet-fetched,xhslink.com,"http://xhslink.com/o/3J9sDza47qi",,,,"",false,1560387532
not-yet-fetched,xhslink.com,"http://xhslink.com/o/3JHrfCrRuTZ",,,,"",false,1432655182
not-yet-fetched,xhslink.com,"http://xhslink.com/o/3Km2BmLfhj0",,,,"",false,1557268886
not-yet-fetched,xhslink.com,"http://xhslink.com/o/3MBMvjIhAeV",,,,"",false,1546898051
not-yet-fetched,xhslink.com,"http://xhslink.com/o/3NTZ7ncp0qx",,,,"",false,1655211069
not-yet-fetched,xhslink.com,"http://xhslink.com/o/3VT8juxpS6g",,,,"",false,1445115800
not-yet-fetched,xhslink.com,"http://xhslink.com/o/3XQsY4SNuW9",,,,"",false,1626709772
not-yet-fetched,xhslink.com,"http://xhslink.com/o/3ZTsNqJ0M1h",,,,"",false,1635775767
not-yet-fetched,xhslink.com,"http://xhslink.com/o/3g25WZy7SvC",,,,"",false,1647712629
not-yet-fetched,xhslink.com,"http://xhslink.com/o/3gz1wkTKh2f",,,,"",false,1495004857
not-yet-fetched,xhslink.com,"http://xhslink.com/o/3qsQoLw2hKT",,,,"",false,1398359001
not-yet-fetched,xhslink.com,"http://xhslink.com/o/3tJxZ7lKbEN",,,,"",false,1419389266
not-yet-fetched,xhslink.com,"http://xhslink.com/o/3uZHjy0Z7vc",,,,"",false,1666885837
not-yet-fetched,xhslink.com,"http://xhslink.com/o/4Il27YORMRw",,,,"",false,1423306488
not-yet-fetched,xhslink.com,"http://xhslink.com/o/4fboCs7Txc5",,,,"",false,1443693966
not-yet-fetched,xhslink.com,"http://xhslink.com/o/4v86VuxF1Cg",,,,"",false,1528528261
not-yet-fetched,xhslink.com,"http://xhslink.com/o/4z0mKOHa57v",,,,"",false,1482516264
not-yet-fetched,xhslink.com,"http://xhslink.com/o/4z4I5DklPF3",,,,"",false,1546924092
not-yet-fetched,xhslink.com,"http://xhslink.com/o/53TAMrQRMC0",,,,"",false,1359541337
not-yet-fetched,xhslink.com,"http://xhslink.com/o/59YTEXvV8UU",,,,"",false,1655534789
not-yet-fetched,xhslink.com,"http://xhslink.com/o/5JWCdjZDEwF",,,,"",false,1382423414
not-yet-fetched,xhslink.com,"http://xhslink.com/o/5LgOOurLQOq",,,,"",false,1398614803
not-yet-fetched,xhslink.com,"http://xhslink.com/o/5W3d1hLSb8H",,,,"",false,1405215168
not-yet-fetched,xhslink.com,"http://xhslink.com/o/5apqpWbAext",,,,"",false,1429465977
not-yet-fetched,xhslink.com,"http://xhslink.com/o/5f9wZ45fpfm",,,,"",false,1376962280
not-yet-fetched,xhslink.com,"http://xhslink.com/o/5iinAYTo6md",,,,"",false,1665841479
not-yet-fetched,xhslink.com,"http://xhslink.com/o/5ks0ev0sxKK",,,,"",false,1685645052
not-yet-fetched,xhslink.com,"http://xhslink.com/o/5tZStBTtx5U",,,,"",false,1474254171
not-yet-fetched,xhslink.com,"http://xhslink.com/o/5xFYRGfxo5O",,,,"",false,1578664167
not-yet-fetched,xhslink.com,"http://xhslink.com/o/61o7tJIFrja",,,,"",false,1556867628
not-yet-fetched,xhslink.com,"http://xhslink.com/o/64v2878MWih",,,,"",false,1648525422
not-yet-fetched,xhslink.com,"http://xhslink.com/o/6CKLBIMnoy5",,,,"",false,1669805511
not-yet-fetched,xhslink.com,"http://xhslink.com/o/6GXgj65Lgz5",,,,"",false,1647501726
not-yet-fetched,xhslink.com,"http://xhslink.com/o/6KUjL9TQomY",,,,"",false,1587341892
not-yet-fetched,xhslink.com,"http://xhslink.com/o/6M9rb3ACWNn",,,,"",false,1388025940
not-yet-fetched,xhslink.com,"http://xhslink.com/o/6MgW9fElr4n",,,,"",false,1526598681
not-yet-fetched,xhslink.com,"http://xhslink.com/o/6Sd8pbD7iOk",,,,"",false,1641347874
not-yet-fetched,xhslink.com,"http://xhslink.com/o/6Th6JiuSKl7",,,,"",false,1532162682
not-yet-fetched,xhslink.com,"http://xhslink.com/o/6VSA3Qca4FX",,,,"",false,1381174573
not-yet-fetched,xhslink.com,"http://xhslink.com/o/6gm6XpCFxdb",,,,"",false,1530648839
not-yet-fetched,xhslink.com,"http://xhslink.com/o/6oljnK0bWD6",,,,"",false,1417228210
not-yet-fetched,xhslink.com,"http://xhslink.com/o/6xdq67uRwpn",,,,"",false,1462838562
not-yet-fetched,xhslink.com,"http://xhslink.com/o/70KSG1ar9bq",,,,"",false,1418554388
not-yet-fetched,xhslink.com,"http://xhslink.com/o/74OtKB6eozZ",,,,"",false,1558723110
not-yet-fetched,xhslink.com,"http://xhslink.com/o/75rMfJ9X0bY",,,,"",false,1381174634
not-yet-fetched,xhslink.com,"http://xhslink.com/o/76wpABfjrLV",,,,"",false,1424964239
not-yet-fetched,xhslink.com,"http://xhslink.com/o/7c7ioEuF9ml",,,,"",false,1417686222
not-yet-fetched,xhslink.com,"http://xhslink.com/o/7yrmefGXWJe",,,,"",false,1444813817
not-yet-fetched,xhslink.com,"http://xhslink.com/o/826s3KozcLf",,,,"",false,1596621713
not-yet-fetched,xhslink.com,"http://xhslink.com/o/869ScwYLhTU",,,,"",false,1578758922
not-yet-fetched,xhslink.com,"http://xhslink.com/o/8KBKndQsesk",,,,"",false,1429465048
not-yet-fetched,xhslink.com,"http://xhslink.com/o/8eee63lHjHV",,,,"",false,1667374311
not-yet-fetched,xhslink.com,"http://xhslink.com/o/8fYweOPGVZw",,,,"",false,1551020568
not-yet-fetched,xhslink.com,"http://xhslink.com/o/8irrhTKEPa",,,,"",false,1387856830
not-yet-fetched,xhslink.com,"http://xhslink.com/o/8zqytiwmQbD",,,,"",false,1608834755
not-yet-fetched,xhslink.com,"http://xhslink.com/o/95hodMXsVVc",,,,"",false,1376929195
not-yet-fetched,xhslink.com,"http://xhslink.com/o/9AJZn5rYEHv",,,,"",false,1664763106
not-yet-fetched,xhslink.com,"http://xhslink.com/o/9Aeeht30TsK",,,,"",false,1392538162
not-yet-fetched,xhslink.com,"http://xhslink.com/o/9BMZihYRaBc",,,,"",false,1656241015
not-yet-fetched,xhslink.com,"http://xhslink.com/o/9KdpCZmvevS",,,,"",false,1424636851
not-yet-fetched,xhslink.com,"http://xhslink.com/o/9PokvbrSbhu",,,,"",false,1383080868
not-yet-fetched,xhslink.com,"http://xhslink.com/o/9VYwRo9faUY",,,,"",false,1526296724
not-yet-fetched,xhslink.com,"http://xhslink.com/o/9h0ZUdk0QEd",,,,"",false,1422002004
not-yet-fetched,xhslink.com,"http://xhslink.com/o/ATnjr0A28F6",,,,"",false,1645655476
not-yet-fetched,xhslink.com,"http://xhslink.com/o/AdRZr2dGAx7",,,,"",false,1487345402
not-yet-fetched,xhslink.com,"http://xhslink.com/o/AnX5uzSb805",,,,"",false,1384794461
not-yet-fetched,xhslink.com,"http://xhslink.com/o/R76Pf9E2vE",,,,"",false,1637125946
not-yet-fetched,xhslink.com,"http://xhslink.com/o/dzNjArRbqK",,,,"",false,1564215188
not-yet-fetched,xhslink.com,"http://xhslink.com/o/ijFW3g76FQ",,,,"",false,1530664035
not-yet-fetched,xhslink.com,"http://xhslink.com/o/sbHMa75qu2",,,,"",false,1665290522
not-yet-fetched,xhslink.com,"https://xhslink.com/m/8AXJcxBvOGy",,,,"",false,1271069200
not-yet-fetched,xhslink.com,"https://xhslink.com/n/2Vb4nHxR6Iw",,,,"",false,1301818284
not-yet-fetched,yecnay.org,"https://yecnay.org/posts/tech/iterm2%E5%BF%AB%E6%8D%B7%E9%94%AE%E5%B0%8F%E8%AE%B0/",,,,"",false,1101957237
not-yet-fetched,yourapi.cn,"https://yourapi.cn/detail",,,,"",false,1138003497
not-yet-fetched,yuyang.info,"https://yuyang.info/Course-Notes/",,,,"",false,1302118566
not-yet-fetched,zenfeed.xyz,"https://zenfeed.xyz/",,,,"",false,1100695354
not-yet-fetched,zhuanlan.zhihu.com,"https://zhuanlan.zhihu.com/p/16730036197",,,,"",false,1138663530
not-yet-fetched,zhuanlan.zhihu.com,"https://zhuanlan.zhihu.com/p/1890082781461207006",,,,"",false,1100136897
not-yet-fetched,zhuanlan.zhihu.com,"https://zhuanlan.zhihu.com/p/1898141047164507218",,,,"",false,1100125095
not-yet-fetched,zhuanlan.zhihu.com,"https://zhuanlan.zhihu.com/p/1901923837408412283?share_code=1ixJdgZB0jvhZ&utm_psn=1946714432546801517",,,,"",false,1323569410
not-yet-fetched,zhuanlan.zhihu.com,"https://zhuanlan.zhihu.com/p/1904589365151265287",,,,"",false,1100131956
not-yet-fetched,zhuanlan.zhihu.com,"https://zhuanlan.zhihu.com/p/1907142274942501938",,,,"",false,1100132922
not-yet-fetched,zhuanlan.zhihu.com,"https://zhuanlan.zhihu.com/p/1911558458903335293?share_code=1dia1Vjfy9oja&utm_psn=1911885713353475130",,,,"",false,1120236838
not-yet-fetched,zhuanlan.zhihu.com,"https://zhuanlan.zhihu.com/p/1911558458903335293?share_code=M3caDkRZK7Wv&utm_psn=1911732211515909109",,,,"",false,1118860769
not-yet-fetched,zhuanlan.zhihu.com,"https://zhuanlan.zhihu.com/p/1911899575096186325",,,,"",false,1135218873
not-yet-fetched,zhuanlan.zhihu.com,"https://zhuanlan.zhihu.com/p/1917272386589402419",,,,"",false,1164605152
not-yet-fetched,zhuanlan.zhihu.com,"https://zhuanlan.zhihu.com/p/1929264741248894425?share_code=cP3bo4m6NNEV&utm_psn=1931457858660205274",,,,"",false,1265180796
not-yet-fetched,zhuanlan.zhihu.com,"https://zhuanlan.zhihu.com/p/1934204758920524842?share_code=1e5gtVF2jkaaB&utm_psn=1934506872888620382",,,,"",false,1277341092
not-yet-fetched,zhuanlan.zhihu.com,"https://zhuanlan.zhihu.com/p/1934539606444996183",,,,"",false,1299802833
not-yet-fetched,zhuanlan.zhihu.com,"https://zhuanlan.zhihu.com/p/1968595333341767033",,,,"",false,1474515606
not-yet-fetched,zhuanlan.zhihu.com,"https://zhuanlan.zhihu.com/p/1992613341697438794",,,,"",false,1590404716
not-yet-fetched,zhuanlan.zhihu.com,"https://zhuanlan.zhihu.com/p/2015756101291894133?share_code=xrdsFC91avd5&utm_psn=2018678424634405732",,,,"",false,1651800360
not-yet-fetched,zhuanlan.zhihu.com,"https://zhuanlan.zhihu.com/p/2017528295286133070?share_code=uY56FFZk1rfj&utm_psn=2018678173978620448",,,,"",false,1651800038
not-yet-fetched,zhuanlan.zhihu.com,"https://zhuanlan.zhihu.com/p/26082845081",,,,"",false,1100126190
not-yet-fetched,zhuanlan.zhihu.com,"https://zhuanlan.zhihu.com/p/26833089345",,,,"",false,1100113459
not-yet-fetched,zhuanlan.zhihu.com,"https://zhuanlan.zhihu.com/p/29001189476",,,,"",false,1135206560
not-yet-fetched,zhuanlan.zhihu.com,"https://zhuanlan.zhihu.com/p/30876678559",,,,"",false,1100129602
not-yet-fetched,zhuanlan.zhihu.com,"https://zhuanlan.zhihu.com/p/694556728",,,,"",false,1311938252
not-yet-fetched,zhuanlan.zhihu.com,"https://zhuanlan.zhihu.com/p/717379797#CTZ_HIDDEN",,,,"",false,1303746692
not-yet-fetched,zhuanlan.zhihu.com,"https://zhuanlan.zhihu.com/p/717560804",,,,"",false,1328407378
not-yet-fetched,zhuanlan.zhihu.com,"https://zhuanlan.zhihu.com/p/720562971",,,,"",false,1469397660
